cuit;apellido;nombre;telefono;email;provincia
19819801980;Andersen;Leocadia;70157015;airground@treet.com;Corrientes;
29819801980;Ander;Leonardo;70157015;airground@tree.comt;San Juan;
24624632463;Lucero;Chad;142142142;kehurst@rive.com;Entre Rios;
19719781978;Stone;Randall;898898898;eninsula@rcle.com;Santa Fe;
93893831978;Brazolla;Ernestina;101101101;ilitay@treet.com;Buenos Aires;
13893831978;Braun;Emelia;101101101;ilitary@treet.com;La Pampa;
89489408940;Velez;Ridley;280280280;ennington@rive.com;Cordoba;
25125122512;Sloan;Devada;89068906;ast@ohnStreet.com;Misiones;
19219281928;Proctor;Jamaal;374374374;ew@ane.com;Corrientes;
45245244524;Morris;Reba;755755755;nover@treet.com;Entre Rios;
98898869886;Knight;Nomusa;87878787;iver@treet.com;Santa Fe;
98198159815;Dunlap;Romaine;55272787;st@treet.com;Buenos Aires;
75775717571;Wilcox;Regan;5555755;rewery@rive.com;Cordoba;
15775717571;Willfred;Patricio;5555755;rewery@rive.com;Cordoba;
17577801980;Grimes;Forest;306272787;South@Peninsula.com;Misiones;
27577801980;Grimes;Frank;306272787;South@Peninsula.com;Misiones;
335335335;Gillespie;Feliciana;62727872;ld@arriag.com;Corrientes;
46874687687;Logan;Ella;87875858;hapel@treet.com;Entre Rios;
38213821821;Black;Abel;888788858;eacon@ane.com;Santa Fe;
96096079607;Mills;Josceline;878488784;ridge@treet.com;Buenos Aires;
63263236323;Dixon;Kit;1157115784;rocto@treet.com;Cordoba;
23263236323;Dixon;Willie;1157115784;rocto@treet.com;La Pampa;
63563556355;Ruiz;Annice;83521157;artford@treet.com;Misiones;
43743744374;Rubio;Alesia;726726726;harles@rive.com;Corrientes;
90890809080;Craig;Magnolia;27267247;aris@illAvenue.com;Entre Rios;
53053065306;Blanchard;Elouan;832872672;orth@obblest.com;Santa Fe;
28128162816;Cummings;McKinley;737267202;urrey@ourt.com;Buenos Aires;
12612681268;Costa;Trecia;392172672;ircle@rive.com;Cordoba;
42942974297;Chambers;Placide;921726722;irchpond@treet.com;Cordoba;
49549574957;Savage;Korey;925872672;oodland@reet.com;Cordoba;
19249574957;Salvage;Kenny;925872672;oodland@reet.com;Corrientes;
29249574957;Sal;Robert;925872672;oodland@reet.com;Corrientes;
39249574957;Salieri;Roman;925872672;oodland@reet.com;Formosa;